<?xml version="1.0" encoding="UTF-8"?>

<mule xmlns:file="http://www.mulesoft.org/schema/mule/file" xmlns:dw="http://www.mulesoft.org/schema/mule/ee/dw" xmlns:http="http://www.mulesoft.org/schema/mule/http" xmlns:ftp="http://www.mulesoft.org/schema/mule/ee/ftp" xmlns="http://www.mulesoft.org/schema/mule/core" xmlns:doc="http://www.mulesoft.org/schema/mule/documentation"
	xmlns:spring="http://www.springframework.org/schema/beans" 
	xmlns:xsi="http://www.w3.org/2001/XMLSchema-instance"
	xsi:schemaLocation="http://www.springframework.org/schema/beans http://www.springframework.org/schema/beans/spring-beans-current.xsd
http://www.mulesoft.org/schema/mule/core http://www.mulesoft.org/schema/mule/core/current/mule.xsd
http://www.mulesoft.org/schema/mule/http http://www.mulesoft.org/schema/mule/http/current/mule-http.xsd
http://www.mulesoft.org/schema/mule/ee/dw http://www.mulesoft.org/schema/mule/ee/dw/current/dw.xsd
http://www.mulesoft.org/schema/mule/ee/ftp http://www.mulesoft.org/schema/mule/ee/ftp/current/mule-ftp-ee.xsd
http://www.mulesoft.org/schema/mule/file http://www.mulesoft.org/schema/mule/file/current/mule-file.xsd">
    <http:listener-config name="HTTP_Listener_Configuration" host="0.0.0.0" port="8081" doc:name="HTTP Listener Configuration"/>
    <ftp:connector name="FTP" pollingFrequency="1000" validateConnections="true" moveToDirectory="/My Documents/backup/" doc:name="FTP"/>
    <ftp:connector name="FTP1" pollingFrequency="1000" validateConnections="true" moveToDirectory="/My Documents/backup/" doc:name="FTP"/>
    <flow name="ftpFlow">
        <http:listener config-ref="HTTP_Listener_Configuration" path="/write" doc:name="HTTP"/>
        <dw:transform-message doc:name="Transform Message">
            <dw:set-payload><![CDATA[%dw 1.0
%output application/csv header = true
---
payload map {
	id: $.id,
	name: $.name,
	city: $.city,
	mobile: $.mobile
}]]></dw:set-payload>
        </dw:transform-message>
        <ftp:outbound-endpoint host="ftp.drivehq.com" port="21" path="/My Documents/" user="mulefree" password="mule12" passive="true" connector-ref="FTP" outputPattern="info.csv" responseTimeout="10000" doc:name="FTP"/>
        <dw:transform-message doc:name="Transform Message">
            <dw:set-payload><![CDATA[%dw 1.0
%output application/json
---
{
	"message": "file uploaded successfully to remote server"
}]]></dw:set-payload>
        </dw:transform-message>
    </flow>
    <flow name="ftpFlow1">
        <ftp:inbound-endpoint host="ftp.drivehq.com" port="21" path="/My Documents/" user="mulefree" password="mule12" passive="true" connector-ref="FTP1" responseTimeout="10000" doc:name="FTP"/>
        <logger level="INFO" doc:name="Logger"/>
        <file:outbound-endpoint path="C:\ftp" outputPattern="info.csv" responseTimeout="10000" doc:name="File"/>
    </flow>
</mule>
